timestamp,alert_type,severity,location
2025-02-01 00:00:00,Network Down,Critical,Region A
2025-02-01 01:00:00,High Latency,High,Region B
2025-02-01 02:00:00,Unauthorized Access,Medium,Region C
2025-02-01 03:00:00,Device Overload,Low,Region D
2025-02-01 04:00:00,Network Down,Critical,Region A
2025-02-01 05:00:00,High Latency,High,Region B
2025-02-01 06:00:00,Unauthorized Access,Medium,Region C
2025-02-01 07:00:00,Device Overload,Low,Region D
2025-02-01 08:00:00,Data Breach,Critical,Region E
2025-02-01 09:00:00,Service Restored,Info,HQ
